accuracy,auc,cv_mean,cv_std
0.9994321408290744,0.999990852403531,0.9961383640493521,0.0013143713016501124
